-- Demo analytic data store for the AI Workspace MCP demo.
-- UNCLASSIFIED. Entirely synthetic. Fictional places, organizations, and
-- events. Do NOT load real or sensitive data here.
--
-- Loaded by the postgres image entrypoint (mounted into
-- /docker-entrypoint-initdb.d). Creates a least-privilege read-only role
-- (mcp_ro) that the datastore MCP server connects as.

BEGIN;

CREATE TABLE regions (
    id          serial PRIMARY KEY,
    name        text NOT NULL UNIQUE,
    description text NOT NULL
);

CREATE TABLE entities (
    id         serial PRIMARY KEY,
    name       text NOT NULL,
-- kind is one of: organization, infrastructure, program.
    kind       text NOT NULL,
    region     text NOT NULL,
    first_seen date NOT NULL,
    notes      text NOT NULL
);

CREATE TABLE reports (
    id          serial PRIMARY KEY,
    report_date date NOT NULL,
    region      text NOT NULL,
-- topic is one of: logistics, infrastructure, public-health, weather,
-- supply-chain, economic.
    topic       text NOT NULL,
-- source_type is one of: open-source, press, sensor, partner.
    source_type text NOT NULL,
-- confidence is one of: low, moderate, high.
    confidence  text NOT NULL,
    title       text NOT NULL,
    summary     text NOT NULL
);

CREATE TABLE report_entities (
    report_id integer NOT NULL REFERENCES reports(id),
    entity_id integer NOT NULL REFERENCES entities(id),
    PRIMARY KEY (report_id, entity_id)
);

INSERT INTO regions (name, description) VALUES
 ('Northland',   'Northern continental sector. Cold climate, rail-dependent logistics.'),
 ('Eastvale',    'Eastern river valley. Agricultural and light manufacturing.'),
 ('Sablestone',  'Arid plateau. Mining and energy infrastructure.'),
 ('Port Meridian','Coastal trade hub. Container shipping and fishing.');

INSERT INTO entities (name, kind, region, first_seen, notes) VALUES
 ('Northland Rail Authority', 'organization',  'Northland',    '2024-02-11', 'Operates the northern freight rail network.'),
 ('Meridian Port Trust',      'organization',  'Port Meridian','2023-11-03', 'Manages container terminals at Port Meridian.'),
 ('Eastvale Grain Cooperative','organization', 'Eastvale',     '2024-05-19', 'Regional grain storage and distribution.'),
 ('Sablestone Power Grid',    'infrastructure','Sablestone',   '2023-09-27', 'High-voltage transmission across the plateau.'),
 ('North Bridge Crossing',    'infrastructure','Northland',    '2024-01-08', 'Primary rail bridge over the North river.'),
 ('Meridian Desalination',    'infrastructure','Port Meridian','2024-03-22', 'Coastal freshwater supply for the port city.'),
 ('Clearwater Health Program','program',       'Eastvale',     '2024-06-30', 'Public-health surveillance pilot in Eastvale.'),
 ('Plateau Solar Initiative', 'program',       'Sablestone',   '2024-04-14', 'Solar capacity expansion on the plateau.'),
 ('Harbor Cold Chain',        'infrastructure','Port Meridian','2024-02-02', 'Refrigerated storage at the fishing harbor.'),
 ('Northland Snowfleet',      'organization',  'Northland',    '2024-12-01', 'Seasonal road-clearing fleet operator.'),
 ('Eastvale Mill Works',      'organization',  'Eastvale',     '2023-10-17', 'Light manufacturing and milling.'),
 ('Sablestone Water Board',   'organization',  'Sablestone',   '2024-07-05', 'Manages scarce water allocation.');

INSERT INTO reports (report_date, region, topic, source_type, confidence, title, summary) VALUES
 ('2025-01-12','Northland','infrastructure','open-source','high',   'North Bridge maintenance window announced','Northland Rail Authority scheduled a maintenance closure of North Bridge Crossing, rerouting freight for two weeks.'),
 ('2025-01-20','Northland','weather','sensor','high',               'Severe snow disrupts northern rail','Heavy snowfall reduced rail throughput; Northland Snowfleet deployed across primary corridors.'),
 ('2025-02-03','Eastvale','supply-chain','open-source','moderate',  'Grain shipments delayed at Eastvale','Eastvale Grain Cooperative reported backlog due to rail rerouting from the north.'),
 ('2025-02-15','Port Meridian','logistics','press','moderate',      'Container volumes rise at Port Meridian','Meridian Port Trust noted a seasonal increase in container throughput.'),
 ('2025-02-28','Sablestone','infrastructure','partner','high',      'Plateau grid stability advisory','Sablestone Power Grid issued a stability advisory during peak demand.'),
 ('2025-03-05','Eastvale','public-health','open-source','low',      'Clearwater pilot expands sampling','Clearwater Health Program widened water-quality sampling across Eastvale.'),
 ('2025-03-18','Sablestone','economic','press','moderate',          'Solar tender opens on the plateau','Plateau Solar Initiative opened a procurement tender for new capacity.'),
 ('2025-03-25','Port Meridian','infrastructure','sensor','high',    'Desalination output dips','Meridian Desalination reported reduced output during a maintenance cycle.'),
 ('2025-04-02','Northland','logistics','open-source','high',        'Freight reroute normalizes','Northland Rail Authority restored normal routing after North Bridge work completed.'),
 ('2025-04-14','Eastvale','supply-chain','press','moderate',        'Mill output steady despite delays','Eastvale Mill Works maintained output using buffer stocks.'),
 ('2025-04-22','Sablestone','public-health','partner','low',        'Heat advisory affects water demand','Sablestone Water Board flagged elevated demand during an early heat wave.'),
 ('2025-05-01','Port Meridian','supply-chain','open-source','high', 'Cold-chain capacity expanded','Harbor Cold Chain added refrigerated capacity ahead of the fishing season.'),
 ('2025-05-10','Northland','infrastructure','sensor','moderate',    'Bridge sensors flag vibration','North Bridge Crossing sensors recorded elevated vibration; inspection scheduled.'),
 ('2025-05-19','Eastvale','economic','press','moderate',            'Cooperative invests in storage','Eastvale Grain Cooperative announced new silo capacity.'),
 ('2025-05-27','Sablestone','infrastructure','open-source','high',  'Solar capacity comes online','Plateau Solar Initiative connected its first new array to the grid.'),
 ('2025-06-03','Port Meridian','weather','sensor','high',           'Storm surge watch at the harbor','Sensors warned of an incoming storm surge affecting harbor operations.'),
 ('2025-06-11','Northland','supply-chain','open-source','moderate', 'Seasonal stockpiling begins','Operators began winter stockpiling earlier than usual across Northland.'),
 ('2025-06-18','Eastvale','public-health','partner','moderate',     'Clearwater detects seasonal pattern','Clearwater Health Program reported a recurring seasonal water-quality pattern.'),
 ('2025-06-25','Sablestone','economic','press','low',               'Water pricing under review','Sablestone Water Board opened a review of allocation pricing.'),
 ('2025-07-02','Port Meridian','logistics','open-source','high',    'Port automation milestone','Meridian Port Trust completed a terminal automation milestone.'),
 ('2025-07-09','Northland','weather','sensor','moderate',           'Late-season thaw raises river levels','A late thaw raised North river levels near the bridge crossing.'),
 ('2025-07-16','Eastvale','supply-chain','open-source','high',      'Grain export window opens','Eastvale Grain Cooperative began seasonal exports through Port Meridian.'),
 ('2025-07-23','Sablestone','infrastructure','partner','moderate',  'Grid maintenance scheduled','Sablestone Power Grid scheduled maintenance on a key transmission line.'),
 ('2025-07-30','Port Meridian','public-health','press','low',       'Harbor water testing routine','Routine harbor water testing reported nominal results.'),
 ('2025-08-06','Northland','infrastructure','open-source','high',   'Bridge inspection clears crossing','North Bridge Crossing passed inspection after vibration alerts.');

INSERT INTO report_entities (report_id, entity_id) VALUES
 (1,1),(1,5),(2,1),(2,10),(3,3),(3,1),(4,2),(5,4),(6,7),(7,8),
 (8,6),(9,1),(9,5),(10,11),(11,12),(12,9),(13,5),(14,3),(15,8),(16,2),
 (17,1),(18,7),(19,12),(20,2),(21,5),(22,3),(22,2),(23,4),(24,2),(25,5);

-- ===== Expanded synthetic analysis dataset (appended) =====
-- UNCLASSIFIED, fictional. Generated deterministically (gen_seed.py, seed 1742).
INSERT INTO regions (id, name, description) VALUES
 (5, 'Highmoor', 'Inland highland region. Hydropower, alpine roads, sparse sensors.'),
 (6, 'Calder Basin', 'Low-lying river delta and wetlands. Barge traffic and flood control.');

INSERT INTO entities (id, name, kind, region, first_seen, notes) VALUES
 (13, 'Transcontinental Freight Consortium', 'organization', 'Port Meridian', '2023-08-12', 'Multi-regional freight broker coordinating rail, road, and barge movements.'),
 (14, 'Northland Signal Network', 'infrastructure', 'Northland', '2024-01-15', 'Rail signaling and dispatch control for the northern corridor.'),
 (15, 'North River Locks', 'infrastructure', 'Northland', '2023-12-02', 'Navigation locks upstream of the North bridge crossing.'),
 (16, 'Northland Fuel Depot', 'infrastructure', 'Northland', '2024-03-09', 'Strategic diesel reserve for rail and road fleets.'),
 (17, 'Borealis Mining Group', 'organization', 'Northland', '2023-07-21', 'Extracts ore shipped south by rail.'),
 (18, 'Eastvale Cannery Union', 'organization', 'Eastvale', '2024-02-28', 'Seasonal food processing cooperative.'),
 (19, 'Eastvale Irrigation Board', 'infrastructure', 'Eastvale', '2023-11-19', 'Canal network for valley agriculture.'),
 (20, 'Greenline Biofuel Program', 'program', 'Eastvale', '2024-08-04', 'Pilot converting crop residue to fuel.'),
 (21, 'Eastvale Rail Spur', 'infrastructure', 'Eastvale', '2024-04-17', 'Branch line connecting the valley to the northern trunk.'),
 (22, 'Sablestone Lithium Works', 'organization', 'Sablestone', '2023-10-08', 'Brine extraction and processing on the plateau.'),
 (23, 'Plateau Wind Array', 'infrastructure', 'Sablestone', '2024-05-30', 'Wind generation feeding the plateau grid.'),
 (24, 'Sablestone Rail Terminal', 'infrastructure', 'Sablestone', '2024-02-11', 'Bulk mineral loading terminal.'),
 (25, 'Arid Zone Water Pact', 'program', 'Sablestone', '2024-09-22', 'Multi-board water-sharing agreement.'),
 (26, 'Meridian Container Lines', 'organization', 'Port Meridian', '2023-09-14', 'Container shipping operator at the port.'),
 (27, 'Harbor Pilot Service', 'organization', 'Port Meridian', '2024-01-30', 'Marine pilotage for harbor approaches.'),
 (28, 'Meridian Customs Authority', 'organization', 'Port Meridian', '2023-11-25', 'Port-of-entry inspection and clearance.'),
 (29, 'Seawall Defense Works', 'infrastructure', 'Port Meridian', '2024-06-19', 'Storm-surge barriers protecting the harbor.'),
 (30, 'Highmoor Hydro Station', 'infrastructure', 'Highmoor', '2023-08-30', 'Mountain reservoir hydroelectric plant.'),
 (31, 'Highmoor Pass Authority', 'organization', 'Highmoor', '2024-03-05', 'Maintains the alpine road passes.'),
 (32, 'Summit Telemetry Network', 'infrastructure', 'Highmoor', '2024-07-12', 'Remote sensor network across the highlands.'),
 (33, 'Highmoor Forestry Board', 'organization', 'Highmoor', '2023-10-27', 'Manages timber and wildfire response.'),
 (34, 'Alpine Relief Program', 'program', 'Highmoor', '2024-11-08', 'Winter resupply for isolated settlements.'),
 (35, 'Calder Barge Cooperative', 'organization', 'Calder Basin', '2023-09-03', 'River barge freight in the delta.'),
 (36, 'Calder Flood Control', 'infrastructure', 'Calder Basin', '2024-02-20', 'Levees and pumping stations across the basin.'),
 (37, 'Delta Fisheries Board', 'organization', 'Calder Basin', '2024-04-29', 'Manages wetland fisheries.'),
 (38, 'Calder Wetland Survey', 'program', 'Calder Basin', '2024-10-14', 'Ecological monitoring of the delta.'),
 (39, 'Basin Grain Terminal', 'infrastructure', 'Calder Basin', '2024-01-22', 'Transships grain from rail to barge.'),
 (40, 'Northland Cold Storage', 'infrastructure', 'Northland', '2024-05-06', 'Frozen freight buffer near the rail yard.'),
 (41, 'Eastvale Power Co-op', 'organization', 'Eastvale', '2023-12-15', 'Rural electric distribution.'),
 (42, 'Sablestone Haul Roads', 'infrastructure', 'Sablestone', '2024-03-28', 'Heavy-vehicle mining roads.'),
 (43, 'Meridian Bunker Supply', 'organization', 'Port Meridian', '2024-07-01', 'Marine fuel bunkering at the port.'),
 (44, 'Highmoor Avalanche Watch', 'program', 'Highmoor', '2024-12-09', 'Snowpack and avalanche advisories.'),
 (45, 'Calder Levee Authority', 'organization', 'Calder Basin', '2023-11-11', 'Operates the basin levee system.'),
 (46, 'Northland Border Yard', 'infrastructure', 'Northland', '2024-06-25', 'Interchange yard at the northern frontier.'),
 (47, 'Eastvale Seed Bank', 'program', 'Eastvale', '2024-09-17', 'Regional crop seed reserve.'),
 (48, 'Sablestone Solar Storage', 'infrastructure', 'Sablestone', '2024-08-21', 'Grid battery paired with the solar initiative.'),
 (49, 'Meridian Dredging Service', 'organization', 'Port Meridian', '2024-02-05', 'Keeps harbor channels navigable.'),
 (50, 'Highmoor Microgrid', 'infrastructure', 'Highmoor', '2024-10-30', 'Islanded grid for remote valleys.'),
 (51, 'Calder Pump Station 7', 'infrastructure', 'Calder Basin', '2024-05-13', 'Key drainage pump for the lower basin.'),
 (52, 'Continental Logistics Audit', 'program', 'Port Meridian', '2025-01-20', 'Independent review of cross-regional freight flows.');

INSERT INTO reports (id, report_date, region, topic, source_type, confidence, title, summary) VALUES
 (26, '2024-01-19', 'Eastvale', 'weather', 'sensor', 'moderate', 'Eastvale weather impact noted', 'Weather over Eastvale affected operations near Eastvale Seed Bank.'),
 (27, '2024-01-20', 'Sablestone', 'logistics', 'open-source', 'low', 'Throughput shifts at Sablestone', 'Operators in Sablestone adjusted movements; Plateau Wind Array cited in the coordination.'),
 (28, '2024-01-12', 'Port Meridian', 'logistics', 'press', 'moderate', 'Port Meridian routing update issued', 'Operators in Port Meridian adjusted movements; Transcontinental Freight Consortium cited in the coordination.'),
 (29, '2024-01-09', 'Port Meridian', 'logistics', 'partner', 'high', 'Port Meridian freight schedule revised', 'Operators in Port Meridian adjusted movements; Transcontinental Freight Consortium cited in the coordination.'),
 (30, '2024-01-06', 'Highmoor', 'infrastructure', 'sensor', 'low', 'Highmoor maintenance window set', 'Condition of Alpine Relief Program in Highmoor prompted an operational advisory.'),
 (31, '2024-01-26', 'Calder Basin', 'supply-chain', 'sensor', 'moderate', 'Calder Basin stock levels reported', 'Supply flows through Calder Basin shifted; Transcontinental Freight Consortium adjusted buffers.'),
 (32, '2024-02-09', 'Eastvale', 'economic', 'open-source', 'high', 'Eastvale pricing under review', 'An economic action in Eastvale involved Greenline Biofuel Program.'),
 (33, '2024-02-08', 'Sablestone', 'logistics', 'sensor', 'low', 'Throughput shifts at Sablestone', 'Operators in Sablestone adjusted movements; Plateau Wind Array cited in the coordination.'),
 (34, '2024-02-04', 'Port Meridian', 'infrastructure', 'press', 'high', 'Port Meridian maintenance window set', 'Condition of Harbor Cold Chain in Port Meridian prompted an operational advisory.'),
 (35, '2024-02-05', 'Highmoor', 'logistics', 'press', 'high', 'Highmoor freight schedule revised', 'Operators in Highmoor adjusted movements; Transcontinental Freight Consortium cited in the coordination.'),
 (36, '2024-02-24', 'Highmoor', 'public-health', 'press', 'moderate', 'Highmoor water testing summary', 'Sampling across Highmoor updated baselines; Highmoor Pass Authority contributed data.'),
 (37, '2024-02-19', 'Calder Basin', 'public-health', 'partner', 'low', 'Calder Basin health surveillance update', 'Sampling across Calder Basin updated baselines; Basin Grain Terminal contributed data.'),
 (38, '2024-02-16', 'Calder Basin', 'weather', 'open-source', 'low', 'Storm activity over Calder Basin', 'Weather over Calder Basin affected operations near Delta Fisheries Board.'),
 (39, '2024-03-22', 'Eastvale', 'infrastructure', 'partner', 'high', 'Eastvale asset condition advisory', 'Condition of Eastvale Mill Works in Eastvale prompted an operational advisory.'),
 (40, '2024-03-17', 'Sablestone', 'logistics', 'open-source', 'low', 'Sablestone routing update issued', 'Operators in Sablestone adjusted movements; Arid Zone Water Pact cited in the coordination.'),
 (41, '2024-03-19', 'Sablestone', 'weather', 'open-source', 'low', 'Storm activity over Sablestone', 'Weather over Sablestone affected operations near Sablestone Solar Storage.'),
 (42, '2024-03-08', 'Port Meridian', 'infrastructure', 'open-source', 'low', 'Port Meridian maintenance window set', 'Condition of Transcontinental Freight Consortium in Port Meridian prompted an operational advisory.'),
 (43, '2024-03-20', 'Highmoor', 'logistics', 'open-source', 'high', 'Throughput shifts at Highmoor', 'Operators in Highmoor adjusted movements; Transcontinental Freight Consortium cited in the coordination.'),
 (44, '2024-03-06', 'Highmoor', 'supply-chain', 'open-source', 'moderate', 'Highmoor stock levels reported', 'Supply flows through Highmoor shifted; Highmoor Pass Authority adjusted buffers.'),
 (45, '2024-03-27', 'Calder Basin', 'public-health', 'sensor', 'high', 'Calder Basin sampling results posted', 'Sampling across Calder Basin updated baselines; Delta Fisheries Board contributed data.'),
 (46, '2024-04-02', 'Eastvale', 'weather', 'press', 'high', 'Eastvale seasonal advisory issued', 'Weather over Eastvale affected operations near Eastvale Rail Spur.'),
 (47, '2024-04-08', 'Eastvale', 'public-health', 'partner', 'low', 'Eastvale water testing summary', 'Sampling across Eastvale updated baselines; Eastvale Grain Cooperative contributed data.'),
 (48, '2024-04-16', 'Sablestone', 'public-health', 'open-source', 'low', 'Sablestone water testing summary', 'Sampling across Sablestone updated baselines; Sablestone Water Board contributed data.'),
 (49, '2024-04-24', 'Port Meridian', 'logistics', 'press', 'low', 'Throughput shifts at Port Meridian', 'Operators in Port Meridian adjusted movements; Transcontinental Freight Consortium cited in the coordination.'),
 (50, '2024-04-07', 'Highmoor', 'infrastructure', 'open-source', 'high', 'Highmoor maintenance window set', 'Condition of Highmoor Pass Authority in Highmoor prompted an operational advisory.'),
 (51, '2024-04-24', 'Calder Basin', 'infrastructure', 'open-source', 'high', 'Calder Basin maintenance window set', 'Condition of Calder Levee Authority in Calder Basin prompted an operational advisory.'),
 (52, '2024-04-11', 'Calder Basin', 'public-health', 'sensor', 'high', 'Calder Basin water testing summary', 'Sampling across Calder Basin updated baselines; Delta Fisheries Board contributed data.'),
 (53, '2024-05-22', 'Eastvale', 'public-health', 'sensor', 'high', 'Eastvale sampling results posted', 'Sampling across Eastvale updated baselines; Greenline Biofuel Program contributed data.'),
 (54, '2024-05-14', 'Sablestone', 'infrastructure', 'sensor', 'moderate', 'Sablestone asset condition advisory', 'Condition of Plateau Wind Array in Sablestone prompted an operational advisory.'),
 (55, '2024-05-03', 'Port Meridian', 'public-health', 'sensor', 'high', 'Port Meridian water testing summary', 'Sampling across Port Meridian updated baselines; Meridian Container Lines contributed data.'),
 (56, '2024-05-12', 'Highmoor', 'economic', 'partner', 'low', 'Highmoor pricing under review', 'An economic action in Highmoor involved Alpine Relief Program.'),
 (57, '2024-05-03', 'Calder Basin', 'infrastructure', 'sensor', 'high', 'Calder Basin asset condition advisory', 'Condition of Delta Fisheries Board in Calder Basin prompted an operational advisory.'),
 (58, '2024-06-21', 'Eastvale', 'logistics', 'open-source', 'moderate', 'Eastvale freight schedule revised', 'Operators in Eastvale adjusted movements; Transcontinental Freight Consortium cited in the coordination.'),
 (59, '2024-06-16', 'Sablestone', 'weather', 'sensor', 'high', 'Storm activity over Sablestone', 'Weather over Sablestone affected operations near Sablestone Lithium Works.'),
 (60, '2024-06-14', 'Sablestone', 'infrastructure', 'sensor', 'moderate', 'Sablestone capacity change reported', 'Condition of Sablestone Rail Terminal in Sablestone prompted an operational advisory.'),
 (61, '2024-06-16', 'Port Meridian', 'logistics', 'press', 'moderate', 'Port Meridian freight schedule revised', 'Operators in Port Meridian adjusted movements; Meridian Port Trust cited in the coordination.'),
 (62, '2024-06-22', 'Highmoor', 'infrastructure', 'partner', 'high', 'Highmoor maintenance window set', 'Condition of Summit Telemetry Network in Highmoor prompted an operational advisory.'),
 (63, '2024-06-28', 'Highmoor', 'weather', 'partner', 'low', 'Highmoor weather impact noted', 'Weather over Highmoor affected operations near Highmoor Pass Authority.'),
 (64, '2024-06-17', 'Calder Basin', 'economic', 'sensor', 'high', 'Calder Basin investment announced', 'An economic action in Calder Basin involved Delta Fisheries Board.'),
 (65, '2024-07-25', 'Eastvale', 'supply-chain', 'press', 'low', 'Eastvale stock levels reported', 'Supply flows through Eastvale shifted; Eastvale Seed Bank adjusted buffers.'),
 (66, '2024-07-14', 'Sablestone', 'public-health', 'press', 'high', 'Sablestone health surveillance update', 'Sampling across Sablestone updated baselines; Arid Zone Water Pact contributed data.'),
 (67, '2024-07-03', 'Port Meridian', 'supply-chain', 'press', 'moderate', 'Port Meridian stock levels reported', 'Supply flows through Port Meridian shifted; Seawall Defense Works adjusted buffers.'),
 (68, '2024-07-10', 'Port Meridian', 'logistics', 'partner', 'high', 'Throughput shifts at Port Meridian', 'Operators in Port Meridian adjusted movements; Meridian Dredging Service cited in the coordination.'),
 (69, '2024-07-24', 'Highmoor', 'supply-chain', 'open-source', 'low', 'Highmoor stock levels reported', 'Supply flows through Highmoor shifted; Summit Telemetry Network adjusted buffers.'),
 (70, '2024-07-27', 'Calder Basin', 'weather', 'sensor', 'moderate', 'Calder Basin weather impact noted', 'Weather over Calder Basin affected operations near Calder Pump Station 7.'),
 (71, '2024-08-01', 'Eastvale', 'infrastructure', 'press', 'moderate', 'Eastvale maintenance window set', 'Condition of Eastvale Rail Spur in Eastvale prompted an operational advisory.'),
 (72, '2024-08-15', 'Sablestone', 'weather', 'sensor', 'moderate', 'Sablestone weather impact noted', 'Weather over Sablestone affected operations near Sablestone Rail Terminal.'),
 (73, '2024-08-22', 'Port Meridian', 'public-health', 'open-source', 'high', 'Port Meridian health surveillance update', 'Sampling across Port Meridian updated baselines; Meridian Customs Authority contributed data.'),
 (74, '2024-08-09', 'Port Meridian', 'supply-chain', 'press', 'moderate', 'Port Meridian supply backlog noted', 'Supply flows through Port Meridian shifted; Meridian Desalination adjusted buffers.'),
 (75, '2024-08-07', 'Highmoor', 'logistics', 'open-source', 'moderate', 'Throughput shifts at Highmoor', 'Operators in Highmoor adjusted movements; Transcontinental Freight Consortium cited in the coordination.'),
 (76, '2024-08-18', 'Calder Basin', 'weather', 'partner', 'low', 'Calder Basin seasonal advisory issued', 'Weather over Calder Basin affected operations near Calder Barge Cooperative.'),
 (77, '2024-08-01', 'Calder Basin', 'weather', 'open-source', 'low', 'Calder Basin seasonal advisory issued', 'Weather over Calder Basin affected operations near Calder Pump Station 7.'),
 (78, '2024-09-11', 'Eastvale', 'weather', 'sensor', 'high', 'Storm activity over Eastvale', 'Weather over Eastvale affected operations near Eastvale Mill Works.'),
 (79, '2024-09-28', 'Eastvale', 'public-health', 'press', 'high', 'Eastvale sampling results posted', 'Sampling across Eastvale updated baselines; Eastvale Grain Cooperative contributed data.'),
 (80, '2024-09-28', 'Sablestone', 'weather', 'open-source', 'low', 'Storm activity over Sablestone', 'Weather over Sablestone affected operations near Sablestone Water Board.'),
 (81, '2024-09-03', 'Port Meridian', 'infrastructure', 'open-source', 'low', 'Port Meridian capacity change reported', 'Condition of Seawall Defense Works in Port Meridian prompted an operational advisory.'),
 (82, '2024-09-26', 'Highmoor', 'economic', 'press', 'moderate', 'Highmoor investment announced', 'An economic action in Highmoor involved Highmoor Microgrid.'),
 (83, '2024-09-27', 'Highmoor', 'logistics', 'sensor', 'low', 'Highmoor routing update issued', 'Operators in Highmoor adjusted movements; Highmoor Hydro Station cited in the coordination.'),
 (84, '2024-09-28', 'Calder Basin', 'infrastructure', 'partner', 'high', 'Calder Basin asset condition advisory', 'Condition of Calder Wetland Survey in Calder Basin prompted an operational advisory.'),
 (85, '2024-09-16', 'Calder Basin', 'weather', 'sensor', 'high', 'Storm activity over Calder Basin', 'Weather over Calder Basin affected operations near Calder Levee Authority.'),
 (86, '2024-10-09', 'Eastvale', 'infrastructure', 'sensor', 'high', 'Eastvale capacity change reported', 'Condition of Eastvale Cannery Union in Eastvale prompted an operational advisory.'),
 (87, '2024-10-15', 'Sablestone', 'weather', 'partner', 'moderate', 'Storm activity over Sablestone', 'Weather over Sablestone affected operations near Sablestone Solar Storage.'),
 (88, '2024-10-14', 'Port Meridian', 'economic', 'open-source', 'moderate', 'Port Meridian pricing under review', 'An economic action in Port Meridian involved Meridian Port Trust.'),
 (89, '2024-10-02', 'Highmoor', 'supply-chain', 'press', 'moderate', 'Highmoor export window update', 'Supply flows through Highmoor shifted; Alpine Relief Program adjusted buffers.'),
 (90, '2024-10-06', 'Calder Basin', 'economic', 'sensor', 'moderate', 'Calder Basin pricing under review', 'An economic action in Calder Basin involved Calder Wetland Survey.'),
 (91, '2024-11-02', 'Eastvale', 'supply-chain', 'sensor', 'high', 'Eastvale stock levels reported', 'Supply flows through Eastvale shifted; Eastvale Power Co-op adjusted buffers.'),
 (92, '2024-11-03', 'Sablestone', 'infrastructure', 'open-source', 'low', 'Sablestone maintenance window set', 'Condition of Arid Zone Water Pact in Sablestone prompted an operational advisory.'),
 (93, '2024-11-14', 'Sablestone', 'infrastructure', 'partner', 'moderate', 'Sablestone capacity change reported', 'Condition of Sablestone Power Grid in Sablestone prompted an operational advisory.'),
 (94, '2024-11-02', 'Port Meridian', 'supply-chain', 'press', 'moderate', 'Port Meridian export window update', 'Supply flows through Port Meridian shifted; Transcontinental Freight Consortium adjusted buffers.'),
 (95, '2024-11-09', 'Highmoor', 'supply-chain', 'open-source', 'low', 'Highmoor export window update', 'Supply flows through Highmoor shifted; Transcontinental Freight Consortium adjusted buffers.'),
 (96, '2024-11-18', 'Highmoor', 'infrastructure', 'open-source', 'low', 'Highmoor asset condition advisory', 'Condition of Highmoor Hydro Station in Highmoor prompted an operational advisory.'),
 (97, '2024-11-03', 'Calder Basin', 'supply-chain', 'sensor', 'low', 'Calder Basin supply backlog noted', 'Supply flows through Calder Basin shifted; Calder Levee Authority adjusted buffers.'),
 (98, '2024-11-26', 'Calder Basin', 'infrastructure', 'press', 'high', 'Calder Basin asset condition advisory', 'Condition of Calder Pump Station 7 in Calder Basin prompted an operational advisory.'),
 (99, '2024-12-20', 'Eastvale', 'weather', 'press', 'low', 'Eastvale weather impact noted', 'Weather over Eastvale affected operations near Eastvale Rail Spur.'),
 (100, '2024-12-03', 'Sablestone', 'supply-chain', 'partner', 'moderate', 'Sablestone supply backlog noted', 'Supply flows through Sablestone shifted; Sablestone Solar Storage adjusted buffers.'),
 (101, '2024-12-10', 'Port Meridian', 'economic', 'sensor', 'high', 'Port Meridian investment announced', 'An economic action in Port Meridian involved Meridian Desalination.'),
 (102, '2024-12-14', 'Highmoor', 'economic', 'partner', 'low', 'Highmoor tender opened', 'An economic action in Highmoor involved Highmoor Hydro Station.'),
 (103, '2024-12-12', 'Highmoor', 'logistics', 'open-source', 'high', 'Throughput shifts at Highmoor', 'Operators in Highmoor adjusted movements; Transcontinental Freight Consortium cited in the coordination.'),
 (104, '2024-12-08', 'Calder Basin', 'public-health', 'press', 'moderate', 'Calder Basin water testing summary', 'Sampling across Calder Basin updated baselines; Calder Pump Station 7 contributed data.'),
 (105, '2025-01-28', 'Eastvale', 'economic', 'press', 'high', 'Eastvale pricing under review', 'An economic action in Eastvale involved Eastvale Power Co-op.'),
 (106, '2025-01-05', 'Eastvale', 'economic', 'partner', 'high', 'Eastvale investment announced', 'An economic action in Eastvale involved Eastvale Mill Works.'),
 (107, '2025-01-26', 'Sablestone', 'supply-chain', 'partner', 'moderate', 'Sablestone stock levels reported', 'Supply flows through Sablestone shifted; Transcontinental Freight Consortium adjusted buffers.'),
 (108, '2025-01-16', 'Sablestone', 'logistics', 'sensor', 'moderate', 'Sablestone routing update issued', 'Operators in Sablestone adjusted movements; Transcontinental Freight Consortium cited in the coordination.'),
 (109, '2025-01-14', 'Port Meridian', 'public-health', 'partner', 'high', 'Port Meridian water testing summary', 'Sampling across Port Meridian updated baselines; Meridian Desalination contributed data.'),
 (110, '2025-01-09', 'Highmoor', 'logistics', 'partner', 'high', 'Throughput shifts at Highmoor', 'Operators in Highmoor adjusted movements; Transcontinental Freight Consortium cited in the coordination.'),
 (111, '2025-01-11', 'Calder Basin', 'logistics', 'partner', 'high', 'Calder Basin routing update issued', 'Operators in Calder Basin adjusted movements; Transcontinental Freight Consortium cited in the coordination.'),
 (112, '2025-02-02', 'Eastvale', 'weather', 'open-source', 'moderate', 'Storm activity over Eastvale', 'Weather over Eastvale affected operations near Eastvale Cannery Union.'),
 (113, '2025-02-24', 'Sablestone', 'public-health', 'open-source', 'low', 'Sablestone water testing summary', 'Sampling across Sablestone updated baselines; Sablestone Solar Storage contributed data.'),
 (114, '2025-02-16', 'Port Meridian', 'economic', 'sensor', 'low', 'Port Meridian investment announced', 'An economic action in Port Meridian involved Transcontinental Freight Consortium.'),
 (115, '2025-02-26', 'Port Meridian', 'economic', 'open-source', 'high', 'Port Meridian tender opened', 'An economic action in Port Meridian involved Meridian Bunker Supply.'),
 (116, '2025-02-15', 'Highmoor', 'logistics', 'open-source', 'low', 'Throughput shifts at Highmoor', 'Operators in Highmoor adjusted movements; Alpine Relief Program cited in the coordination.'),
 (117, '2025-02-05', 'Calder Basin', 'infrastructure', 'open-source', 'high', 'Calder Basin maintenance window set', 'Condition of Calder Levee Authority in Calder Basin prompted an operational advisory.'),
 (118, '2025-03-02', 'Eastvale', 'logistics', 'open-source', 'high', 'Throughput shifts at Eastvale', 'Operators in Eastvale adjusted movements; Transcontinental Freight Consortium cited in the coordination.'),
 (119, '2025-03-01', 'Sablestone', 'weather', 'open-source', 'high', 'Storm activity over Sablestone', 'Weather over Sablestone affected operations near Sablestone Rail Terminal.'),
 (120, '2025-03-15', 'Port Meridian', 'infrastructure', 'partner', 'high', 'Port Meridian asset condition advisory', 'Condition of Meridian Bunker Supply in Port Meridian prompted an operational advisory.'),
 (121, '2025-03-06', 'Highmoor', 'economic', 'sensor', 'moderate', 'Highmoor pricing under review', 'An economic action in Highmoor involved Highmoor Forestry Board.'),
 (122, '2025-03-13', 'Calder Basin', 'supply-chain', 'sensor', 'moderate', 'Calder Basin supply backlog noted', 'Supply flows through Calder Basin shifted; Transcontinental Freight Consortium adjusted buffers.'),
 (123, '2025-04-08', 'Eastvale', 'public-health', 'sensor', 'low', 'Eastvale sampling results posted', 'Sampling across Eastvale updated baselines; Eastvale Seed Bank contributed data.'),
 (124, '2025-04-09', 'Eastvale', 'weather', 'press', 'low', 'Eastvale weather impact noted', 'Weather over Eastvale affected operations near Eastvale Power Co-op.'),
 (125, '2025-04-28', 'Sablestone', 'economic', 'partner', 'high', 'Sablestone investment announced', 'An economic action in Sablestone involved Sablestone Water Board.'),
 (126, '2025-04-27', 'Sablestone', 'supply-chain', 'press', 'high', 'Sablestone supply backlog noted', 'Supply flows through Sablestone shifted; Sablestone Lithium Works adjusted buffers.'),
 (127, '2025-04-11', 'Port Meridian', 'logistics', 'sensor', 'moderate', 'Throughput shifts at Port Meridian', 'Operators in Port Meridian adjusted movements; Continental Logistics Audit cited in the coordination.'),
 (128, '2025-04-25', 'Port Meridian', 'weather', 'open-source', 'moderate', 'Storm activity over Port Meridian', 'Weather over Port Meridian affected operations near Harbor Pilot Service.'),
 (129, '2025-04-28', 'Highmoor', 'infrastructure', 'sensor', 'moderate', 'Highmoor maintenance window set', 'Condition of Highmoor Avalanche Watch in Highmoor prompted an operational advisory.'),
 (130, '2025-04-08', 'Calder Basin', 'public-health', 'partner', 'moderate', 'Calder Basin water testing summary', 'Sampling across Calder Basin updated baselines; Calder Wetland Survey contributed data.'),
 (131, '2025-05-03', 'Eastvale', 'public-health', 'open-source', 'moderate', 'Eastvale sampling results posted', 'Sampling across Eastvale updated baselines; Eastvale Seed Bank contributed data.'),
 (132, '2025-05-22', 'Sablestone', 'economic', 'open-source', 'low', 'Sablestone investment announced', 'An economic action in Sablestone involved Sablestone Haul Roads.'),
 (133, '2025-05-28', 'Port Meridian', 'supply-chain', 'open-source', 'low', 'Port Meridian supply backlog noted', 'Supply flows through Port Meridian shifted; Transcontinental Freight Consortium adjusted buffers.'),
 (134, '2025-05-09', 'Highmoor', 'weather', 'press', 'high', 'Storm activity over Highmoor', 'Weather over Highmoor affected operations near Highmoor Avalanche Watch.'),
 (135, '2025-05-11', 'Calder Basin', 'weather', 'sensor', 'low', 'Storm activity over Calder Basin', 'Weather over Calder Basin affected operations near Calder Levee Authority.'),
 (136, '2025-05-14', 'Calder Basin', 'public-health', 'sensor', 'moderate', 'Calder Basin sampling results posted', 'Sampling across Calder Basin updated baselines; Delta Fisheries Board contributed data.'),
 (137, '2025-06-28', 'Eastvale', 'supply-chain', 'press', 'moderate', 'Eastvale export window update', 'Supply flows through Eastvale shifted; Transcontinental Freight Consortium adjusted buffers.'),
 (138, '2025-06-15', 'Sablestone', 'logistics', 'press', 'moderate', 'Sablestone routing update issued', 'Operators in Sablestone adjusted movements; Plateau Solar Initiative cited in the coordination.'),
 (139, '2025-06-28', 'Sablestone', 'public-health', 'partner', 'low', 'Sablestone sampling results posted', 'Sampling across Sablestone updated baselines; Sablestone Solar Storage contributed data.'),
 (140, '2025-06-23', 'Port Meridian', 'supply-chain', 'sensor', 'low', 'Port Meridian export window update', 'Supply flows through Port Meridian shifted; Meridian Desalination adjusted buffers.'),
 (141, '2025-06-10', 'Highmoor', 'logistics', 'press', 'high', 'Throughput shifts at Highmoor', 'Operators in Highmoor adjusted movements; Transcontinental Freight Consortium cited in the coordination.'),
 (142, '2025-06-27', 'Calder Basin', 'infrastructure', 'press', 'moderate', 'Calder Basin asset condition advisory', 'Condition of Calder Barge Cooperative in Calder Basin prompted an operational advisory.'),
 (143, '2025-07-02', 'Eastvale', 'infrastructure', 'press', 'high', 'Eastvale asset condition advisory', 'Condition of Greenline Biofuel Program in Eastvale prompted an operational advisory.'),
 (144, '2025-07-18', 'Sablestone', 'logistics', 'sensor', 'high', 'Throughput shifts at Sablestone', 'Operators in Sablestone adjusted movements; Transcontinental Freight Consortium cited in the coordination.'),
 (145, '2025-07-21', 'Port Meridian', 'supply-chain', 'sensor', 'moderate', 'Port Meridian supply backlog noted', 'Supply flows through Port Meridian shifted; Meridian Port Trust adjusted buffers.'),
 (146, '2025-07-02', 'Highmoor', 'economic', 'press', 'moderate', 'Highmoor investment announced', 'An economic action in Highmoor involved Highmoor Hydro Station.'),
 (147, '2025-07-12', 'Highmoor', 'supply-chain', 'open-source', 'high', 'Highmoor stock levels reported', 'Supply flows through Highmoor shifted; Highmoor Avalanche Watch adjusted buffers.'),
 (148, '2025-07-15', 'Calder Basin', 'supply-chain', 'open-source', 'high', 'Calder Basin supply backlog noted', 'Supply flows through Calder Basin shifted; Transcontinental Freight Consortium adjusted buffers.'),
 (149, '2025-08-15', 'Eastvale', 'economic', 'press', 'high', 'Eastvale pricing under review', 'An economic action in Eastvale involved Greenline Biofuel Program.'),
 (150, '2025-08-14', 'Sablestone', 'weather', 'open-source', 'low', 'Storm activity over Sablestone', 'Weather over Sablestone affected operations near Sablestone Power Grid.'),
 (151, '2025-08-06', 'Port Meridian', 'public-health', 'press', 'low', 'Port Meridian sampling results posted', 'Sampling across Port Meridian updated baselines; Meridian Dredging Service contributed data.'),
 (152, '2025-08-14', 'Highmoor', 'supply-chain', 'open-source', 'moderate', 'Highmoor stock levels reported', 'Supply flows through Highmoor shifted; Highmoor Microgrid adjusted buffers.'),
 (153, '2025-08-21', 'Calder Basin', 'logistics', 'partner', 'moderate', 'Calder Basin routing update issued', 'Operators in Calder Basin adjusted movements; Delta Fisheries Board cited in the coordination.'),
 (154, '2025-09-04', 'Eastvale', 'public-health', 'press', 'high', 'Eastvale sampling results posted', 'Sampling across Eastvale updated baselines; Eastvale Rail Spur contributed data.'),
 (155, '2025-09-05', 'Sablestone', 'infrastructure', 'open-source', 'moderate', 'Sablestone capacity change reported', 'Condition of Sablestone Lithium Works in Sablestone prompted an operational advisory.'),
 (156, '2025-09-11', 'Sablestone', 'public-health', 'sensor', 'high', 'Sablestone sampling results posted', 'Sampling across Sablestone updated baselines; Arid Zone Water Pact contributed data.'),
 (157, '2025-09-09', 'Port Meridian', 'economic', 'press', 'low', 'Port Meridian investment announced', 'An economic action in Port Meridian involved Seawall Defense Works.'),
 (158, '2025-09-14', 'Highmoor', 'public-health', 'partner', 'moderate', 'Highmoor sampling results posted', 'Sampling across Highmoor updated baselines; Summit Telemetry Network contributed data.'),
 (159, '2025-09-15', 'Calder Basin', 'logistics', 'sensor', 'low', 'Calder Basin freight schedule revised', 'Operators in Calder Basin adjusted movements; Calder Pump Station 7 cited in the coordination.'),
 (160, '2025-10-12', 'Eastvale', 'infrastructure', 'open-source', 'moderate', 'Eastvale capacity change reported', 'Condition of Eastvale Cannery Union in Eastvale prompted an operational advisory.'),
 (161, '2025-10-20', 'Sablestone', 'public-health', 'partner', 'moderate', 'Sablestone water testing summary', 'Sampling across Sablestone updated baselines; Sablestone Haul Roads contributed data.'),
 (162, '2025-10-19', 'Port Meridian', 'infrastructure', 'open-source', 'low', 'Port Meridian asset condition advisory', 'Condition of Meridian Dredging Service in Port Meridian prompted an operational advisory.'),
 (163, '2025-10-15', 'Highmoor', 'public-health', 'partner', 'low', 'Highmoor health surveillance update', 'Sampling across Highmoor updated baselines; Highmoor Hydro Station contributed data.'),
 (164, '2025-10-26', 'Calder Basin', 'logistics', 'partner', 'moderate', 'Calder Basin freight schedule revised', 'Operators in Calder Basin adjusted movements; Calder Wetland Survey cited in the coordination.'),
 (165, '2025-10-01', 'Calder Basin', 'infrastructure', 'press', 'low', 'Calder Basin asset condition advisory', 'Condition of Calder Pump Station 7 in Calder Basin prompted an operational advisory.'),
 (166, '2025-11-14', 'Eastvale', 'weather', 'sensor', 'moderate', 'Eastvale weather impact noted', 'Weather over Eastvale affected operations near Eastvale Rail Spur.'),
 (167, '2025-11-15', 'Sablestone', 'public-health', 'partner', 'low', 'Sablestone water testing summary', 'Sampling across Sablestone updated baselines; Sablestone Water Board contributed data.'),
 (168, '2025-11-25', 'Port Meridian', 'supply-chain', 'press', 'moderate', 'Port Meridian export window update', 'Supply flows through Port Meridian shifted; Transcontinental Freight Consortium adjusted buffers.'),
 (169, '2025-11-24', 'Highmoor', 'logistics', 'press', 'low', 'Throughput shifts at Highmoor', 'Operators in Highmoor adjusted movements; Highmoor Pass Authority cited in the coordination.'),
 (170, '2025-11-13', 'Highmoor', 'economic', 'press', 'moderate', 'Highmoor tender opened', 'An economic action in Highmoor involved Highmoor Pass Authority.'),
 (171, '2025-11-13', 'Calder Basin', 'infrastructure', 'press', 'low', 'Calder Basin maintenance window set', 'Condition of Calder Pump Station 7 in Calder Basin prompted an operational advisory.'),
 (172, '2025-12-09', 'Eastvale', 'logistics', 'open-source', 'low', 'Throughput shifts at Eastvale', 'Operators in Eastvale adjusted movements; Transcontinental Freight Consortium cited in the coordination.'),
 (173, '2025-12-15', 'Sablestone', 'logistics', 'sensor', 'moderate', 'Throughput shifts at Sablestone', 'Operators in Sablestone adjusted movements; Transcontinental Freight Consortium cited in the coordination.'),
 (174, '2025-12-22', 'Port Meridian', 'weather', 'open-source', 'moderate', 'Port Meridian seasonal advisory issued', 'Weather over Port Meridian affected operations near Meridian Desalination.'),
 (175, '2025-12-08', 'Port Meridian', 'logistics', 'sensor', 'high', 'Port Meridian routing update issued', 'Operators in Port Meridian adjusted movements; Harbor Pilot Service cited in the coordination.'),
 (176, '2025-12-02', 'Highmoor', 'weather', 'sensor', 'moderate', 'Highmoor weather impact noted', 'Weather over Highmoor affected operations near Alpine Relief Program.'),
 (177, '2025-12-12', 'Calder Basin', 'economic', 'press', 'low', 'Calder Basin pricing under review', 'An economic action in Calder Basin involved Calder Pump Station 7.'),
 (178, '2024-01-01', 'Northland', 'infrastructure', 'press', 'high', 'Northland maintenance window set', 'Condition of North Bridge Crossing in Northland prompted an operational advisory.'),
 (179, '2024-01-03', 'Northland', 'logistics', 'sensor', 'high', 'Northland routing update issued', 'Operators in Northland adjusted movements; North Bridge Crossing cited in the coordination.'),
 (180, '2024-04-07', 'Northland', 'weather', 'press', 'moderate', 'Northland weather impact noted', 'Weather over Northland affected operations near North Bridge Crossing.'),
 (181, '2024-04-11', 'Northland', 'logistics', 'sensor', 'high', 'Throughput shifts at Northland', 'Operators in Northland adjusted movements; North Bridge Crossing cited in the coordination.'),
 (182, '2024-09-01', 'Northland', 'logistics', 'open-source', 'moderate', 'Northland freight schedule revised', 'Operators in Northland adjusted movements; North Bridge Crossing cited in the coordination.'),
 (183, '2024-09-03', 'Northland', 'infrastructure', 'partner', 'high', 'Northland maintenance window set', 'Condition of North Bridge Crossing in Northland prompted an operational advisory.'),
 (184, '2024-10-14', 'Northland', 'logistics', 'press', 'moderate', 'Throughput shifts at Northland', 'Operators in Northland adjusted movements; North Bridge Crossing cited in the coordination.'),
 (185, '2024-10-17', 'Northland', 'infrastructure', 'open-source', 'moderate', 'Northland asset condition advisory', 'Condition of North Bridge Crossing in Northland prompted an operational advisory.'),
 (186, '2024-10-20', 'Northland', 'weather', 'open-source', 'high', 'Storm activity over Northland', 'Weather over Northland affected operations near North Bridge Crossing.'),
 (187, '2025-03-21', 'Northland', 'weather', 'sensor', 'high', 'Northland weather impact noted', 'Weather over Northland affected operations near North Bridge Crossing.'),
 (188, '2025-03-04', 'Northland', 'infrastructure', 'partner', 'moderate', 'Northland asset condition advisory', 'Condition of North Bridge Crossing in Northland prompted an operational advisory.'),
 (189, '2025-03-04', 'Northland', 'logistics', 'press', 'moderate', 'Northland freight schedule revised', 'Operators in Northland adjusted movements; North Bridge Crossing cited in the coordination.'),
 (190, '2025-05-18', 'Northland', 'infrastructure', 'partner', 'high', 'Northland capacity change reported', 'Condition of North Bridge Crossing in Northland prompted an operational advisory.'),
 (191, '2025-05-13', 'Northland', 'infrastructure', 'sensor', 'moderate', 'Northland asset condition advisory', 'Condition of North Bridge Crossing in Northland prompted an operational advisory.'),
 (192, '2025-05-20', 'Northland', 'weather', 'sensor', 'moderate', 'Storm activity over Northland', 'Weather over Northland affected operations near North Bridge Crossing.'),
 (193, '2025-05-23', 'Northland', 'weather', 'press', 'moderate', 'Northland seasonal advisory issued', 'Weather over Northland affected operations near North Bridge Crossing.'),
 (194, '2025-08-19', 'Northland', 'logistics', 'partner', 'high', 'Northland routing update issued', 'Operators in Northland adjusted movements; North Bridge Crossing cited in the coordination.'),
 (195, '2025-08-09', 'Northland', 'weather', 'partner', 'high', 'Northland seasonal advisory issued', 'Weather over Northland affected operations near North Bridge Crossing.'),
 (196, '2025-08-04', 'Northland', 'weather', 'open-source', 'high', 'Northland seasonal advisory issued', 'Weather over Northland affected operations near North Bridge Crossing.'),
 (197, '2025-08-17', 'Northland', 'infrastructure', 'sensor', 'high', 'Northland maintenance window set', 'Condition of North Bridge Crossing in Northland prompted an operational advisory.'),
 (198, '2025-08-28', 'Northland', 'weather', 'open-source', 'high', 'Northland weather impact noted', 'Weather over Northland affected operations near North Bridge Crossing.'),
 (199, '2025-08-07', 'Northland', 'logistics', 'open-source', 'high', 'Northland freight schedule revised', 'Operators in Northland adjusted movements; North Bridge Crossing cited in the coordination.'),
 (200, '2025-11-10', 'Northland', 'weather', 'partner', 'high', 'Storm activity over Northland', 'Weather over Northland affected operations near North Bridge Crossing.'),
 (201, '2025-11-24', 'Northland', 'infrastructure', 'partner', 'high', 'Northland capacity change reported', 'Condition of North Bridge Crossing in Northland prompted an operational advisory.'),
 (202, '2025-11-10', 'Northland', 'weather', 'open-source', 'high', 'Northland weather impact noted', 'Weather over Northland affected operations near North Bridge Crossing.'),
 (203, '2025-11-07', 'Northland', 'logistics', 'sensor', 'high', 'Throughput shifts at Northland', 'Operators in Northland adjusted movements; North Bridge Crossing cited in the coordination.'),
 (204, '2025-11-18', 'Northland', 'weather', 'open-source', 'high', 'Northland weather impact noted', 'Weather over Northland affected operations near North Bridge Crossing.'),
 (205, '2025-11-25', 'Northland', 'infrastructure', 'press', 'high', 'Northland capacity change reported', 'Condition of North Bridge Crossing in Northland prompted an operational advisory.'),
 (206, '2025-11-02', 'Northland', 'logistics', 'press', 'high', 'Throughput shifts at Northland', 'Operators in Northland adjusted movements; North Bridge Crossing cited in the coordination.'),
 (207, '2025-11-28', 'Northland', 'infrastructure', 'open-source', 'high', 'Northland asset condition advisory', 'Condition of North Bridge Crossing in Northland prompted an operational advisory.'),
 (208, '2025-12-21', 'Northland', 'infrastructure', 'sensor', 'high', 'North Bridge Crossing incident reported', 'A structural failure event closed North Bridge Crossing; emergency rerouting via Sablestone and barge began.'),
 (209, '2025-12-08', 'Northland', 'logistics', 'partner', 'high', 'Freight network absorbs North Bridge outage', 'The Transcontinental Freight Consortium activated barge and plateau-rail detours after the North Bridge incident.'),
 (210, '2025-08-06', 'Northland', 'supply-chain', 'partner', 'moderate', 'Consortium coordinates Northland corridor', 'The Transcontinental Freight Consortium coordinated multi-modal freight through Northland.'),
 (211, '2024-11-16', 'Northland', 'supply-chain', 'sensor', 'moderate', 'Consortium coordinates Northland corridor', 'The Transcontinental Freight Consortium coordinated multi-modal freight through Northland.'),
 (212, '2024-08-19', 'Northland', 'supply-chain', 'sensor', 'high', 'Consortium coordinates Northland corridor', 'The Transcontinental Freight Consortium coordinated multi-modal freight through Northland.'),
 (213, '2025-02-13', 'Northland', 'supply-chain', 'press', 'moderate', 'Consortium coordinates Northland corridor', 'The Transcontinental Freight Consortium coordinated multi-modal freight through Northland.'),
 (214, '2024-12-23', 'Eastvale', 'logistics', 'press', 'high', 'Consortium coordinates Eastvale corridor', 'The Transcontinental Freight Consortium coordinated multi-modal freight through Eastvale.'),
 (215, '2025-02-28', 'Eastvale', 'supply-chain', 'sensor', 'high', 'Consortium coordinates Eastvale corridor', 'The Transcontinental Freight Consortium coordinated multi-modal freight through Eastvale.'),
 (216, '2024-09-23', 'Eastvale', 'logistics', 'open-source', 'moderate', 'Consortium coordinates Eastvale corridor', 'The Transcontinental Freight Consortium coordinated multi-modal freight through Eastvale.'),
 (217, '2025-03-01', 'Eastvale', 'supply-chain', 'partner', 'moderate', 'Consortium coordinates Eastvale corridor', 'The Transcontinental Freight Consortium coordinated multi-modal freight through Eastvale.'),
 (218, '2024-01-07', 'Sablestone', 'logistics', 'open-source', 'high', 'Consortium coordinates Sablestone corridor', 'The Transcontinental Freight Consortium coordinated multi-modal freight through Sablestone.'),
 (219, '2024-04-08', 'Sablestone', 'logistics', 'open-source', 'moderate', 'Consortium coordinates Sablestone corridor', 'The Transcontinental Freight Consortium coordinated multi-modal freight through Sablestone.'),
 (220, '2025-06-11', 'Sablestone', 'logistics', 'open-source', 'high', 'Consortium coordinates Sablestone corridor', 'The Transcontinental Freight Consortium coordinated multi-modal freight through Sablestone.'),
 (221, '2025-06-23', 'Sablestone', 'logistics', 'sensor', 'moderate', 'Consortium coordinates Sablestone corridor', 'The Transcontinental Freight Consortium coordinated multi-modal freight through Sablestone.'),
 (222, '2025-09-26', 'Port Meridian', 'logistics', 'open-source', 'moderate', 'Consortium coordinates Port Meridian corridor', 'The Transcontinental Freight Consortium coordinated multi-modal freight through Port Meridian.'),
 (223, '2024-04-18', 'Port Meridian', 'supply-chain', 'partner', 'moderate', 'Consortium coordinates Port Meridian corridor', 'The Transcontinental Freight Consortium coordinated multi-modal freight through Port Meridian.'),
 (224, '2025-04-03', 'Port Meridian', 'logistics', 'sensor', 'moderate', 'Consortium coordinates Port Meridian corridor', 'The Transcontinental Freight Consortium coordinated multi-modal freight through Port Meridian.'),
 (225, '2024-04-15', 'Port Meridian', 'logistics', 'sensor', 'high', 'Consortium coordinates Port Meridian corridor', 'The Transcontinental Freight Consortium coordinated multi-modal freight through Port Meridian.'),
 (226, '2025-06-02', 'Highmoor', 'supply-chain', 'press', 'high', 'Consortium coordinates Highmoor corridor', 'The Transcontinental Freight Consortium coordinated multi-modal freight through Highmoor.'),
 (227, '2025-05-09', 'Highmoor', 'supply-chain', 'open-source', 'moderate', 'Consortium coordinates Highmoor corridor', 'The Transcontinental Freight Consortium coordinated multi-modal freight through Highmoor.'),
 (228, '2025-10-02', 'Highmoor', 'supply-chain', 'press', 'high', 'Consortium coordinates Highmoor corridor', 'The Transcontinental Freight Consortium coordinated multi-modal freight through Highmoor.'),
 (229, '2025-06-10', 'Highmoor', 'supply-chain', 'partner', 'high', 'Consortium coordinates Highmoor corridor', 'The Transcontinental Freight Consortium coordinated multi-modal freight through Highmoor.'),
 (230, '2025-04-22', 'Calder Basin', 'logistics', 'sensor', 'moderate', 'Consortium coordinates Calder Basin corridor', 'The Transcontinental Freight Consortium coordinated multi-modal freight through Calder Basin.'),
 (231, '2024-05-10', 'Calder Basin', 'supply-chain', 'partner', 'moderate', 'Consortium coordinates Calder Basin corridor', 'The Transcontinental Freight Consortium coordinated multi-modal freight through Calder Basin.'),
 (232, '2025-10-20', 'Calder Basin', 'logistics', 'partner', 'high', 'Consortium coordinates Calder Basin corridor', 'The Transcontinental Freight Consortium coordinated multi-modal freight through Calder Basin.'),
 (233, '2024-02-23', 'Calder Basin', 'logistics', 'sensor', 'moderate', 'Consortium coordinates Calder Basin corridor', 'The Transcontinental Freight Consortium coordinated multi-modal freight through Calder Basin.'),
 (234, '2025-07-09', 'Sablestone', 'public-health', 'partner', 'high', 'Cross-region health task force convenes', 'Unusually, the Eastvale Clearwater Health Program was tasked into Sablestone under the Arid Zone Water Pact during a heat emergency.'),
 (235, '2025-09-06', 'Highmoor', 'weather', 'sensor', 'moderate', 'Highmoor sensor cluster flags anomaly', 'A dense burst of Summit Telemetry Network readings flagged unusual highland activity.'),
 (236, '2025-09-17', 'Highmoor', 'infrastructure', 'sensor', 'moderate', 'Highmoor sensor cluster flags anomaly', 'A dense burst of Summit Telemetry Network readings flagged unusual highland activity.'),
 (237, '2025-09-10', 'Highmoor', 'weather', 'sensor', 'moderate', 'Highmoor sensor cluster flags anomaly', 'A dense burst of Summit Telemetry Network readings flagged unusual highland activity.'),
 (238, '2025-09-17', 'Highmoor', 'infrastructure', 'sensor', 'high', 'Highmoor sensor cluster flags anomaly', 'A dense burst of Summit Telemetry Network readings flagged unusual highland activity.'),
 (239, '2025-09-08', 'Highmoor', 'infrastructure', 'sensor', 'moderate', 'Highmoor sensor cluster flags anomaly', 'A dense burst of Summit Telemetry Network readings flagged unusual highland activity.'),
 (240, '2025-09-18', 'Highmoor', 'infrastructure', 'sensor', 'moderate', 'Highmoor sensor cluster flags anomaly', 'A dense burst of Summit Telemetry Network readings flagged unusual highland activity.');

INSERT INTO report_entities (report_id, entity_id) VALUES
 (26,47),
 (27,23),
 (27,25),
 (28,13),
 (28,43),
 (29,13),
 (29,43),
 (30,34),
 (30,31),
 (31,13),
 (31,51),
 (31,39),
 (32,20),
 (33,23),
 (33,22),
 (34,9),
 (35,13),
 (35,50),
 (35,44),
 (36,31),
 (36,32),
 (37,39),
 (37,45),
 (38,37),
 (38,45),
 (39,11),
 (40,25),
 (40,8),
 (41,48),
 (42,13),
 (43,13),
 (43,30),
 (43,50),
 (44,31),
 (45,37),
 (45,38),
 (46,21),
 (46,47),
 (47,3),
 (48,12),
 (48,25),
 (49,13),
 (49,2),
 (50,31),
 (51,45),
 (51,35),
 (52,37),
 (53,20),
 (53,21),
 (54,23),
 (55,26),
 (56,34),
 (56,30),
 (57,37),
 (58,13),
 (58,47),
 (58,18),
 (59,22),
 (59,42),
 (60,24),
 (60,22),
 (61,2),
 (61,49),
 (62,32),
 (62,34),
 (63,31),
 (64,37),
 (65,47),
 (65,18),
 (66,25),
 (67,29),
 (67,13),
 (68,49),
 (69,32),
 (70,51),
 (70,39),
 (71,21),
 (72,24),
 (73,28),
 (74,6),
 (74,9),
 (75,13),
 (75,31),
 (76,35),
 (77,51),
 (77,37),
 (78,11),
 (79,3),
 (79,21),
 (80,12),
 (81,29),
 (82,50),
 (83,30),
 (84,38),
 (85,45),
 (85,39),
 (86,18),
 (86,21),
 (87,48),
 (88,2),
 (89,34),
 (90,38),
 (91,41),
 (92,25),
 (93,4),
 (93,24),
 (94,13),
 (95,13),
 (95,33),
 (96,30),
 (97,45),
 (98,51),
 (99,21),
 (99,3),
 (100,48),
 (101,6),
 (102,30),
 (103,13),
 (103,32),
 (104,51),
 (105,41),
 (106,11),
 (106,21),
 (107,13),
 (107,8),
 (108,13),
 (108,24),
 (109,6),
 (109,27),
 (110,13),
 (110,33),
 (111,13),
 (111,38),
 (111,39),
 (112,18),
 (112,21),
 (113,48),
 (114,13),
 (114,28),
 (115,43),
 (116,34),
 (117,45),
 (118,13),
 (118,18),
 (119,24),
 (120,43),
 (121,33),
 (121,32),
 (122,13),
 (122,45),
 (123,47),
 (124,41),
 (125,12),
 (126,22),
 (126,48),
 (127,52),
 (127,9),
 (128,27),
 (129,44),
 (129,30),
 (130,38),
 (131,47),
 (132,42),
 (132,25),
 (133,13),
 (133,29),
 (133,28),
 (134,44),
 (135,45),
 (135,35),
 (136,37),
 (137,13),
 (137,19),
 (138,8),
 (139,48),
 (140,6),
 (141,13),
 (141,44),
 (141,30),
 (142,35),
 (142,36),
 (143,20),
 (144,13),
 (144,4),
 (144,8),
 (145,2),
 (146,30),
 (146,50),
 (147,44),
 (148,13),
 (148,51),
 (149,20),
 (150,4),
 (151,49),
 (152,50),
 (153,37),
 (154,21),
 (155,22),
 (155,42),
 (156,25),
 (157,29),
 (158,32),
 (159,51),
 (160,18),
 (161,42),
 (162,49),
 (163,30),
 (163,44),
 (164,38),
 (165,51),
 (166,21),
 (167,12),
 (168,13),
 (169,31),
 (169,50),
 (170,31),
 (171,51),
 (171,37),
 (172,13),
 (172,3),
 (172,18),
 (173,13),
 (173,4),
 (173,42),
 (174,6),
 (175,27),
 (176,34),
 (177,51),
 (177,38),
 (178,16),
 (179,13),
 (179,1),
 (179,46),
 (180,15),
 (180,16),
 (181,13),
 (181,14),
 (182,13),
 (182,16),
 (182,17),
 (183,10),
 (184,13),
 (184,46),
 (184,14),
 (185,5),
 (186,16),
 (187,16),
 (188,10),
 (188,16),
 (189,13),
 (189,46),
 (189,15),
 (190,46),
 (190,14),
 (191,16),
 (191,5),
 (192,5),
 (193,17),
 (193,1),
 (194,13),
 (194,1),
 (194,46),
 (195,5),
 (196,1),
 (197,17),
 (197,46),
 (198,14),
 (199,13),
 (199,16),
 (200,46),
 (200,15),
 (201,5),
 (202,17),
 (202,10),
 (203,13),
 (203,5),
 (203,46),
 (204,15),
 (204,16),
 (205,5),
 (206,13),
 (206,16),
 (206,14),
 (207,16),
 (207,10),
 (208,5),
 (208,1),
 (208,14),
 (209,13),
 (209,5),
 (210,13),
 (210,15),
 (211,13),
 (211,15),
 (212,13),
 (212,15),
 (213,13),
 (213,17),
 (214,13),
 (214,47),
 (215,13),
 (215,41),
 (216,13),
 (216,19),
 (217,13),
 (217,18),
 (218,13),
 (218,24),
 (219,13),
 (219,4),
 (220,13),
 (220,4),
 (221,13),
 (221,4),
 (222,13),
 (223,13),
 (223,6),
 (224,13),
 (224,27),
 (225,13),
 (225,6),
 (226,13),
 (226,33),
 (227,13),
 (227,30),
 (228,13),
 (228,32),
 (229,13),
 (229,44),
 (230,13),
 (230,37),
 (231,13),
 (231,39),
 (232,13),
 (232,38),
 (233,13),
 (233,37),
 (234,7),
 (234,25),
 (235,44),
 (235,32),
 (236,32),
 (236,50),
 (237,32),
 (237,31),
 (238,44),
 (238,32),
 (239,50),
 (239,31),
 (240,31),
 (240,44);

SELECT setval('regions_id_seq', (SELECT max(id) FROM regions));
SELECT setval('entities_id_seq', (SELECT max(id) FROM entities));
SELECT setval('reports_id_seq', (SELECT max(id) FROM reports));

-- Least-privilege read-only role used by the datastore MCP server.
DO $$
BEGIN
   IF NOT EXISTS (SELECT FROM pg_roles WHERE rolname = 'mcp_ro') THEN
-- No literal password in git. zz-set-mcp-ro-password.sh sets it from the
-- ESO-synced MCP_RO_PASSWORD env after this seed runs.
      CREATE ROLE mcp_ro LOGIN;
   END IF;
END
$$;

ALTER ROLE mcp_ro SET default_transaction_read_only = on;
ALTER ROLE mcp_ro SET statement_timeout = '8s';
GRANT CONNECT ON DATABASE demo TO mcp_ro;
GRANT USAGE ON SCHEMA public TO mcp_ro;
GRANT SELECT ON ALL TABLES IN SCHEMA public TO mcp_ro;
ALTER DEFAULT PRIVILEGES IN SCHEMA public GRANT SELECT ON TABLES TO mcp_ro;

COMMIT;
